{"cameraMode":{"drawMode":0,"name":"Shaded","section":"Shading Mode"},"sceneLighting":false,"audioPlay":false,"sceneViewState":{"m_AlwaysRefresh":false,"showFog":true,"showSkybox":false,"showFlares":true,"showImageEffects":true,"showParticleSystems":true,"showVisualEffectGraphs":true,"m_FxEnabled":true},"in2DMode":false,"pivot":{"x":0.9713344573974609,"y":0.12107563018798828,"z":0.29921913146972659},"rotation":{"x":-0.0044568064622581009,"y":0.9945368766784668,"z":-0.047774672508239749,"w":-0.09275851398706436},"size":14.904197692871094,"orthographic":false}