{"cameraMode":{"drawMode":0,"name":"Shaded","section":"Shading Mode"},"sceneLighting":false,"audioPlay":false,"sceneViewState":{"m_AlwaysRefresh":false,"showFog":true,"showSkybox":false,"showFlares":true,"showImageEffects":true,"showParticleSystems":true,"showVisualEffectGraphs":true,"m_FxEnabled":true},"in2DMode":false,"pivot":{"x":0.09656763076782227,"y":1.1943752765655518,"z":2.7511610984802248},"rotation":{"x":0.14263437688350678,"y":0.6021305918693543,"z":-0.11065027117729187,"w":0.7778233289718628},"size":1.700047254562378,"orthographic":true}