{"cameraMode":{"drawMode":0,"name":"Shaded","section":"Shading Mode"},"sceneLighting":true,"audioPlay":false,"sceneViewState":{"m_AlwaysRefresh":false,"showFog":true,"showSkybox":true,"showFlares":true,"showImageEffects":true,"showParticleSystems":true,"showVisualEffectGraphs":true,"m_FxEnabled":true},"in2DMode":false,"pivot":{"x":-25.580108642578126,"y":3.5851030349731447,"z":-7.516376972198486},"rotation":{"x":0.0003186400863341987,"y":0.9971875548362732,"z":-0.07493016123771668,"w":0.004203952848911285},"size":2.716834783554077,"orthographic":false}