{"cameraMode":{"drawMode":0,"name":"Shaded","section":"Shading Mode"},"sceneLighting":true,"audioPlay":false,"sceneViewState":{"m_AlwaysRefresh":false,"showFog":true,"showSkybox":true,"showFlares":true,"showImageEffects":true,"showParticleSystems":true,"showVisualEffectGraphs":true,"m_FxEnabled":true},"in2DMode":false,"pivot":{"x":-12.849159240722657,"y":1.3228563070297242,"z":10.653848648071289},"rotation":{"x":0.00007393538544420153,"y":-0.9991084337234497,"z":0.042287252843379977,"w":0.0017908160807564855},"size":1.3641384840011597,"orthographic":false}