{"cameraMode":{"drawMode":0,"name":"Shaded","section":"Shading Mode"},"sceneLighting":true,"audioPlay":false,"sceneViewState":{"m_AlwaysRefresh":false,"showFog":true,"showSkybox":true,"showFlares":true,"showImageEffects":true,"showParticleSystems":true,"showVisualEffectGraphs":true,"m_FxEnabled":true},"in2DMode":false,"pivot":{"x":-12.98832893371582,"y":-28.45099449157715,"z":-68.42548370361328},"rotation":{"x":-0.0005337182665243745,"y":-0.9673389196395874,"z":0.2538146376609802,"w":-0.0020750982221215965},"size":41.464271545410159,"orthographic":false}