{"cameraMode":{"drawMode":0,"name":"Shaded","section":"Shading Mode"},"sceneLighting":true,"audioPlay":false,"sceneViewState":{"m_AlwaysRefresh":false,"showFog":true,"showSkybox":true,"showFlares":true,"showImageEffects":true,"showParticleSystems":true,"showVisualEffectGraphs":true,"m_FxEnabled":true},"in2DMode":false,"pivot":{"x":-17.191110610961915,"y":2.0000216960906984,"z":-28.191116333007814},"rotation":{"x":0.006881692446768284,"y":-0.988046407699585,"z":0.04628382995724678,"w":0.1469108760356903},"size":1.9516130685806275,"orthographic":false}