{"cameraMode":{"drawMode":0,"name":"Shaded","section":"Shading Mode"},"sceneLighting":true,"audioPlay":false,"sceneViewState":{"m_AlwaysRefresh":false,"showFog":true,"showSkybox":true,"showFlares":true,"showImageEffects":true,"showParticleSystems":true,"showVisualEffectGraphs":true,"m_FxEnabled":true},"in2DMode":false,"pivot":{"x":-21.64101219177246,"y":1.2910078763961793,"z":19.159873962402345},"rotation":{"x":0.00014377888874150813,"y":0.9953941702842712,"z":-0.09585250914096832,"w":0.0014930921606719494},"size":0.9762684106826782,"orthographic":false}