{"cameraMode":{"drawMode":0,"name":"Shaded","section":"Shading Mode"},"sceneLighting":true,"audioPlay":false,"sceneViewState":{"m_AlwaysRefresh":false,"showFog":true,"showSkybox":true,"showFlares":true,"showImageEffects":true,"showParticleSystems":true,"showVisualEffectGraphs":true,"m_FxEnabled":true},"in2DMode":false,"pivot":{"x":126.7323226928711,"y":1.5216233730316163,"z":13.756513595581055},"rotation":{"x":0.02935134805738926,"y":0.934217095375061,"z":-0.07861729711294174,"w":0.34714141488075259},"size":3.307263135910034,"orthographic":true}