{"cameraMode":{"drawMode":0,"name":"Shaded","section":"Shading Mode"},"sceneLighting":true,"audioPlay":false,"sceneViewState":{"m_AlwaysRefresh":false,"showFog":true,"showSkybox":true,"showFlares":true,"showImageEffects":true,"showParticleSystems":true,"showVisualEffectGraphs":true,"m_FxEnabled":true},"in2DMode":false,"pivot":{"x":-21.677907943725587,"y":0.8570693135261536,"z":18.69655990600586},"rotation":{"x":0.008870681747794152,"y":0.9901090860366821,"z":-0.11919549107551575,"w":0.07370216399431229},"size":2.4355270862579347,"orthographic":false}