{"cameraMode":{"drawMode":0,"name":"Shaded","section":"Shading Mode"},"sceneLighting":true,"audioPlay":false,"sceneViewState":{"m_AlwaysRefresh":false,"showFog":true,"showSkybox":true,"showFlares":true,"showImageEffects":true,"showParticleSystems":true,"showVisualEffectGraphs":true,"m_FxEnabled":true},"in2DMode":false,"pivot":{"x":-91.6652603149414,"y":0.12434695661067963,"z":0.9671048521995544},"rotation":{"x":-0.10913059115409851,"y":0.8455023765563965,"z":-0.18911418318748475,"w":-0.4874209463596344},"size":123.25235748291016,"orthographic":false}