{"cameraMode":{"drawMode":0,"name":"Shaded","section":"Shading Mode"},"sceneLighting":false,"audioPlay":false,"sceneViewState":{"m_AlwaysRefresh":false,"showFog":true,"showSkybox":false,"showFlares":true,"showImageEffects":true,"showParticleSystems":true,"showVisualEffectGraphs":true,"m_FxEnabled":true},"in2DMode":false,"pivot":{"x":6.701024055480957,"y":3.392023801803589,"z":37.46352005004883},"rotation":{"x":-0.0009290563175454736,"y":0.9960362911224365,"z":-0.010458961129188538,"w":-0.08837912976741791},"size":0.8660253882408142,"orthographic":false}