{"cameraMode":{"drawMode":0,"name":"Shaded","section":"Shading Mode"},"sceneLighting":false,"audioPlay":false,"sceneViewState":{"m_AlwaysRefresh":false,"showFog":true,"showSkybox":false,"showFlares":true,"showImageEffects":true,"showParticleSystems":true,"showVisualEffectGraphs":true,"m_FxEnabled":true},"in2DMode":false,"pivot":{"x":-0.17864131927490235,"y":2.286771774291992,"z":0.003086090087890625},"rotation":{"x":-0.0044568064622581009,"y":0.9945368766784668,"z":-0.047774672508239749,"w":-0.09275851398706436},"size":18.542072296142579,"orthographic":false}