{"cameraMode":{"drawMode":0,"name":"Shaded","section":"Shading Mode"},"sceneLighting":false,"audioPlay":false,"sceneViewState":{"m_AlwaysRefresh":false,"showFog":true,"showSkybox":false,"showFlares":true,"showImageEffects":true,"showParticleSystems":true,"showVisualEffectGraphs":true,"m_FxEnabled":true},"in2DMode":false,"pivot":{"x":1.9658308029174805,"y":1.02366042137146,"z":10.44704532623291},"rotation":{"x":-0.0044568064622581009,"y":0.9945368766784668,"z":-0.047774672508239749,"w":-0.09275851398706436},"size":0.8660253882408142,"orthographic":false}