{"cameraMode":{"drawMode":0,"name":"Shaded","section":"Shading Mode"},"sceneLighting":false,"audioPlay":false,"sceneViewState":{"m_AlwaysRefresh":false,"showFog":true,"showSkybox":false,"showFlares":true,"showImageEffects":true,"showParticleSystems":true,"showVisualEffectGraphs":true,"m_FxEnabled":true},"in2DMode":false,"pivot":{"x":-0.5369281768798828,"y":0.7646234035491943,"z":63.124847412109378},"rotation":{"x":0.01873941533267498,"y":0.9796594381332398,"z":-0.16675147414207459,"w":0.11007924377918244},"size":12.44631290435791,"orthographic":false}