{"cameraMode":{"drawMode":0,"name":"Shaded","section":"Shading Mode"},"sceneLighting":false,"audioPlay":false,"sceneViewState":{"m_AlwaysRefresh":false,"showFog":true,"showSkybox":false,"showFlares":true,"showImageEffects":true,"showParticleSystems":true,"showVisualEffectGraphs":true,"m_FxEnabled":true},"in2DMode":false,"pivot":{"x":-21.247303009033204,"y":0.5091031789779663,"z":-16.199392318725587},"rotation":{"x":0.05018188804388046,"y":-0.6076273918151856,"z":0.0385141596198082,"w":0.7917039394378662},"size":2.6347057819366457,"orthographic":false}